{
    "departments": [
        {
            "id": "O5",
            "label": "O5 Command",
            "ranks": [
                {
                    "label": "O5-3",
                    "xp": 0
                },
                {
                    "label": "O5-4",
                    "xp": 100
                },
                {
                    "label": "O5-5",
                    "xp": 200
                },
                {
                    "label": "O5-7",
                    "xp": 400
                },
                {
                    "label": "O5-10",
                    "xp": 800
                },
                {
                    "label": "O5-11",
                    "xp": 1600
                },
                {
                    "label": "O5-12",
                    "xp": 3200
                },
                {
                    "label": "O5-1",
                    "xp": 6400
                },
                {
                    "label": "O5-13",
                    "xp": 12800
                }
            ]
        },
        {
            "id": "SiD",
            "label": "Site Director",
            "ranks": [
                {
                    "label": "Newly Appointed",
                    "xp": 0
                },
                {
                    "label": "Inexperienced",
                    "xp": 100
                },
                {
                    "label": "Semi Experienced",
                    "xp": 200
                },
                {
                    "label": "Experienced",
                    "xp": 400
                },
                {
                    "label": "Highly Experienced",
                    "xp": 800
                },
                {
                    "label": "Medium Authority",
                    "xp": 1600
                },
                {
                    "label": "High Authority",
                    "xp": 3200
                },
                {
                    "label": "Mastered Authority",
                    "xp": 6400
                },
                {
                    "label": "Unrivaled Authority",
                    "xp": 12800
                }
            ]
        },
        {
            "id": "IA",
            "label": "Intelligence Agency",
            "ranks": [
                {
                    "label": "Recruit",
                    "xp": 0
                },
                {
                    "label": "Agent",
                    "xp": 100
                },
                {
                    "label": "Field Agent",
                    "xp": 200
                },
                {
                    "label": "Senior Agent",
                    "xp": 400
                },
                {
                    "label": "Special Agent",
                    "xp": 800
                },
                {
                    "label": "Supervisor",
                    "xp": 1600
                },
                {
                    "label": "Deputy Director",
                    "xp": 3200
                },
                {
                    "label": "Director",
                    "xp": 6400
                },
                {
                    "label": "Overseer",
                    "xp": 12800
                }
            ]
        },
        {
            "id": "RRT",
            "label": "Rapid Response Team",
            "ranks": [
                {
                    "label": "Recruit",
                    "xp": 0
                },
                {
                    "label": "Agent",
                    "xp": 100
                },
                {
                    "label": "Senior Agent",
                    "xp": 200
                },
                {
                    "label": "Unit-XO",
                    "xp": 400
                },
                {
                    "label": "Unit-CO",
                    "xp": 800
                },
                {
                    "label": "Commander",
                    "xp": 1600
                },
                {
                    "label": "Assistant Director",
                    "xp": 3200
                },
                {
                    "label": "Director",
                    "xp": 6400
                },
                {
                    "label": "Overseer",
                    "xp": 12800
                }
            ]
        },
        {
            "id": "SD",
            "label": "Security Department",
            "ranks": [
                {
                    "label": "Recruit",
                    "xp": 0
                },
                {
                    "label": "Guard",
                    "xp": 100
                },
                {
                    "label": "Senior Guard",
                    "xp": 200
                },
                {
                    "label": "Sergeant",
                    "xp": 400
                },
                {
                    "label": "Lieutenant",
                    "xp": 800
                },
                {
                    "label": "Commander",
                    "xp": 1600
                },
                {
                    "label": "Deputy Director",
                    "xp": 3200
                },
                {
                    "label": "Director",
                    "xp": 6400
                },
                {
                    "label": "Overseer",
                    "xp": 12800
                }
            ]
        },
        {
            "id": "CD",
            "label": "Class D",
            "ranks": [
                {
                    "label": "New Arrivant",
                    "xp": 0
                },
                {
                    "label": "Disrespected",
                    "xp": 100
                },
                {
                    "label": "Respected",
                    "xp": 200
                },
                {
                    "label": "Dangerous",
                    "xp": 400
                },
                {
                    "label": "Feared",
                    "xp": 800
                },
                {
                    "label": "Murderer",
                    "xp": 1600
                },
                {
                    "label": "Hitman",
                    "xp": 3200
                },
                {
                    "label": "Leader",
                    "xp": 6400
                },
                {
                    "label": "Boss",
                    "xp": 12800
                },
                {
                    "label": "Ringleader",
                    "xp": 25600
                },
                {
                    "label": "Kingpin",
                    "xp": 51200
                }
            ]
        },
        {
            "id": "CI",
            "label": "Chaos Insurgency",
            "ranks": [
                {
                    "label": "Enlisted",
                    "xp": 0
                },
                {
                    "label": "Junior Operative",
                    "xp": 100
                },
                {
                    "label": "R Squadron",
                    "xp": 200
                },
                {
                    "label": "A Squadron",
                    "xp": 400
                },
                {
                    "label": "Operations Director",
                    "xp": 800
                },
                {
                    "label": "Insurgency Command",
                    "xp": 1600
                },
                {
                    "label": "Global Council",
                    "xp": 3200
                },
                {
                    "label": "The Head",
                    "xp": 6400
                },
                {
                    "label": "The Overseer",
                    "xp": 12800
                }
            ]
        },
        {    
            "id": "ScD",
            "label": "Scientific Department",
            "ranks": [
                {
                    "label": "Entrant",
                    "xp": 0
                },
                {
                    "label": "Junior Researcher",
                    "xp": 100
                },
                {
                    "label": "Researcher",
                    "xp": 200
                },
                {
                    "label": "Specialist",
                    "xp": 400
                },
                {
                    "label": "Senior Researcher",
                    "xp": 800
                },
                {
                    "label": "Head Researcher",
                    "xp": 1600
                },
                {
                    "label": "Assistant Director",
                    "xp": 3200
                },
                {
                    "label": "Director",
                    "xp": 6400
                },
                {
                    "label": "Overseer",
                    "xp": 12800
                }
            ]
        },
        {
            "id": "MTF",
            "label": "Mobile Task Force",
            "ranks": [
                {
                    "label": "Recruit",
                    "xp": 0
                },
                {
                    "label": "Operative",
                    "xp": 100
                },
                {
                    "label": "Special Operative",
                    "xp": 200
                },
                {
                    "label": "Senior Operative",
                    "xp": 400
                },
                {
                    "label": "Unit Leader",
                    "xp": 800
                },
                {
                    "label": "Commander",
                    "xp": 1600
                },
                {
                    "label": "Assistant Director",
                    "xp": 3200
                },
                {
                    "label": "Director",
                    "xp": 6400
                },
                {
                    "label": "Overseer",
                    "xp": 12800
                }
            ]
        }
    ]
}